Time,ax,ay,az,alphax,alphay,alphaz
0,0,0,0,0,0,0
0.0001,10.5,-5.2,8.3,50,-20,10
0.0002,25.8,-12.4,15.6,120,-45,25
0.0003,40.2,-20.1,22.9,200,-80,40
0.0004,55.7,-28.3,30.2,300,-120,60
0.0005,35.28363636,-17.88636364,14.94545455,193.9090909,-77.86363636,38.68181818
0.0006,35.72545455,-18.12727273,14.73636364,197,-79.18181818,39.27272727
0.0007,36.16727273,-18.36818182,14.52727273,200.0909091,-80.5,39.86363636
0.0008,36.60909091,-18.60909091,14.31818182,203.1818182,-81.81818182,40.45454545
0.0009,37.05090909,-18.85,14.10909091,206.2727273,-83.13636364,41.04545455
0.001,37.49272727,-19.09090909,13.9,209.3636364,-84.45454545,41.63636364
0.0011,37.93454545,-19.33181818,13.69090909,212.4545455,-85.77272727,42.22727273
0.0012,38.37636364,-19.57272727,13.48181818,215.5454545,-87.09090909,42.81818182
0.0013,35.72545455,-18.12727273,14.73636364,197,-79.18181818,39.27272727
0.0014,36.16727273,-18.36818182,14.52727273,200.0909091,-80.5,39.86363636
0.0015,36.60909091,-18.60909091,14.31818182,203.1818182,-81.81818182,40.45454545
0.0016,37.05090909,-18.85,14.10909091,206.2727273,-83.13636364,41.04545455
0.0017,37.49272727,-19.09090909,13.9,209.3636364,-84.45454545,41.63636364
0.0018,37.93454545,-19.33181818,13.69090909,212.4545455,-85.77272727,42.22727273
0.0019,38.37636364,-19.57272727,13.48181818,215.5454545,-87.09090909,42.81818182
0.002,38.81818182,-19.81363636,13.27272727,218.6363636,-88.40909091,43.40909091
0.0021,39.26,-20.05454545,13.06363636,221.7272727,-89.72727273,44
0.0022,39.70181818,-20.29545455,12.85454545,224.8181818,-91.04545455,44.59090909
0.0023,40.14363636,-20.53636364,12.64545455,227.9090909,-92.36363636,45.18181818
0.0024,40.58545455,-20.77727273,12.43636364,231,-93.68181818,45.77272727
0.0025,41.02727273,-21.01818182,12.22727273,234.0909091,-95,46.36363636
0.0026,40.32966507,-20.63779904,12.55741627,229.2105263,-92.91866029,45.43062201
0.0027,40.5598756,-20.76332536,12.4484689,230.8210526,-93.60550239,45.73851675
0.0028,40.79008612,-20.88885167,12.33952153,232.4315789,-94.2923445,46.04641148
0.0029,41.02029665,-21.01437799,12.23057416,234.0421053,-94.9791866,46.35430622
0.003,41.25050718,-21.13990431,12.12162679,235.6526316,-95.66602871,46.66220096
0.0031,41.4807177,-21.26543062,12.01267943,237.2631579,-96.35287081,46.97009569
0.0032,41.71092823,-21.39095694,11.90373206,238.8736842,-97.03971292,47.27799043
0.0033,41.94113876,-21.51648325,11.79478469,240.4842105,-97.72655502,47.58588517
0.0034,42.17134928,-21.64200957,11.68583732,242.0947368,-98.41339713,47.8937799
0.0035,42.40155981,-21.76753589,11.57688995,243.7052632,-99.10023923,48.20167464
0.0036,42.63177033,-21.8930622,11.46794258,245.3157895,-99.78708134,48.50956938
0.0037,42.86198086,-22.01858852,11.35899522,246.9263158,-100.4739234,48.81746411
0.0038,43.09219139,-22.14411483,11.25004785,248.5368421,-101.1607656,49.12535885
0.0039,43.32240191,-22.26964115,11.14110048,250.1473684,-101.8476077,49.43325359
0.004,43.55261244,-22.39516746,11.03215311,251.7578947,-102.5344498,49.74114833
0.0041,43.78282297,-22.52069378,10.92320574,253.3684211,-103.2212919,50.04904306
0.0042,44.01303349,-22.6462201,10.81425837,254.9789474,-103.908134,50.3569378
0.0043,44.24324402,-22.77174641,10.705311,256.5894737,-104.5949761,50.66483254
0.0044,44.47345455,-22.89727273,10.59636364,258.2,-105.2818182,50.97272727
0.0045,44.70366507,-23.02279904,10.48741627,259.8105263,-105.9686603,51.28062201
0.0046,44.9338756,-23.14832536,10.3784689,261.4210526,-106.6555024,51.58851675
0.0047,45.16408612,-23.27385167,10.26952153,263.0315789,-107.3423445,51.89641148
0.0048,45.39429665,-23.39937799,10.16057416,264.6421053,-108.0291866,52.20430622
0.0049,45.62450718,-23.52490431,10.05162679,266.2526316,-108.7160287,52.51220096
0.005,45.8547177,-23.65043062,9.942679426,267.8631579,-109.4028708,52.82009569
0.0051,46.08492823,-23.77595694,9.833732057,269.4736842,-110.0897129,53.12799043
0.0052,46.31513876,-23.90148325,9.724784689,271.0842105,-110.776555,53.43588517
0.0053,46.54534928,-24.02700957,9.615837321,272.6947368,-111.4633971,53.7437799
0.0054,46.77555981,-24.15253589,9.506889952,274.3052632,-112.1502392,54.05167464
0.0055,47.00577033,-24.2780622,9.397942584,275.9157895,-112.8370813,54.35956938
0.0056,47.23598086,-24.40358852,9.288995215,277.5263158,-113.5239234,54.66746411
0.0057,47.46619139,-24.52911483,9.180047847,279.1368421,-114.2107656,54.97535885
0.0058,47.69640191,-24.65464115,9.071100478,280.7473684,-114.8976077,55.28325359
0.0059,47.92661244,-24.78016746,8.96215311,282.3578947,-115.5844498,55.59114833
0.006,48.15682297,-24.90569378,8.853205742,283.9684211,-116.2712919,55.89904306
0.0061,48.38703349,-25.0312201,8.744258373,285.5789474,-116.958134,56.2069378
0.0062,48.61724402,-25.15674641,8.635311005,287.1894737,-117.6449761,56.51483254
0.0063,48.84745455,-25.28227273,8.526363636,288.8,-118.3318182,56.82272727
0.0064,49.07766507,-25.40779904,8.417416268,290.4105263,-119.0186603,57.13062201
0.0065,49.3078756,-25.53332536,8.3084689,292.0210526,-119.7055024,57.43851675
0.0066,49.53808612,-25.65885167,8.199521531,293.6315789,-120.3923445,57.74641148
0.0067,49.76829665,-25.78437799,8.090574163,295.2421053,-121.0791866,58.05430622
0.0068,49.99850718,-25.90990431,7.981626794,296.8526316,-121.7660287,58.36220096
0.0069,50.2287177,-26.03543062,7.872679426,298.4631579,-122.4528708,58.67009569
0.007,50.45892823,-26.16095694,7.763732057,300.0736842,-123.1397129,58.97799043
0.0071,50.68913876,-26.28648325,7.654784689,301.6842105,-123.826555,59.28588517
0.0072,50.91934928,-26.41200957,7.545837321,303.2947368,-124.5133971,59.5937799
0.0073,51.14955981,-26.53753589,7.436889952,304.9052632,-125.2002392,59.90167464
0.0074,51.37977033,-26.6630622,7.327942584,306.5157895,-125.8870813,60.20956938
0.0075,51.60998086,-26.78858852,7.218995215,308.1263158,-126.5739234,60.51746411
0.0076,51.84019139,-26.91411483,7.110047847,309.7368421,-127.2607656,60.82535885
0.0077,52.07040191,-27.03964115,7.001100478,311.3473684,-127.9476077,61.13325359
0.0078,52.30061244,-27.16516746,6.89215311,312.9578947,-128.6344498,61.44114833
0.0079,52.53082297,-27.29069378,6.783205742,314.5684211,-129.3212919,61.74904306
0.008,52.76103349,-27.4162201,6.674258373,316.1789474,-130.008134,62.0569378
0.0081,52.99124402,-27.54174641,6.565311005,317.7894737,-130.6949761,62.36483254
0.0082,53.22145455,-27.66727273,6.456363636,319.4,-131.3818182,62.67272727
0.0083,53.45166507,-27.79279904,6.347416268,321.0105263,-132.0686603,62.98062201
0.0084,53.6818756,-27.91832536,6.2384689,322.6210526,-132.7555024,63.28851675
0.0085,53.91208612,-28.04385167,6.129521531,324.2315789,-133.4423445,63.59641148
0.0086,54.14229665,-28.16937799,6.020574163,325.8421053,-134.1291866,63.90430622
0.0087,54.37250718,-28.29490431,5.911626794,327.4526316,-134.8160287,64.21220096
0.0088,54.6027177,-28.42043062,5.802679426,329.0631579,-135.5028708,64.52009569
0.0089,54.83292823,-28.54595694,5.693732057,330.6736842,-136.1897129,64.82799043
0.009,55.06313876,-28.67148325,5.584784689,332.2842105,-136.876555,65.13588517
0.0091,55.29334928,-28.79700957,5.475837321,333.8947368,-137.5633971,65.4437799
0.0092,55.52355981,-28.92253589,5.366889952,335.5052632,-138.2502392,65.75167464
0.0093,55.75377033,-29.0480622,5.257942584,337.1157895,-138.9370813,66.05956938
0.0094,55.98398086,-29.17358852,5.148995215,338.7263158,-139.6239234,66.36746411
0.0095,56.21419139,-29.29911483,5.040047847,340.3368421,-140.3107656,66.67535885
0.0096,56.44440191,-29.42464115,4.931100478,341.9473684,-140.9976077,66.98325359
0.0097,56.67461244,-29.55016746,4.82215311,343.5578947,-141.6844498,67.29114833
0.0098,56.90482297,-29.67569378,4.713205742,345.1684211,-142.3712919,67.59904306
0.0099,57.13503349,-29.8012201,4.604258373,346.7789474,-143.058134,67.9069378
0.01,57.36524402,-29.92674641,4.495311005,348.3894737,-143.7449761,68.21483254
0.0101,57.59545455,-30.05227273,4.386363636,350,-144.4318182,68.52272727
0.0102,57.82566507,-30.17779904,4.277416268,351.6105263,-145.1186603,68.83062201
0.0103,58.0558756,-30.30332536,4.1684689,353.2210526,-145.8055024,69.13851675
0.0104,58.28608612,-30.42885167,4.059521531,354.8315789,-146.4923445,69.44641148
0.0105,58.51629665,-30.55437799,3.950574163,356.4421053,-147.1791866,69.75430622
0.0106,58.74650718,-30.67990431,3.841626794,358.0526316,-147.8660287,70.06220096
0.0107,58.9767177,-30.80543062,3.732679426,359.6631579,-148.5528708,70.37009569
0.0108,59.20692823,-30.93095694,3.623732057,361.2736842,-149.2397129,70.67799043
0.0109,59.43713876,-31.05648325,3.514784689,362.8842105,-149.926555,70.98588517
0.011,59.66734928,-31.18200957,3.405837321,364.4947368,-150.6133971,71.2937799
0.0111,59.89755981,-31.30753589,3.296889952,366.1052632,-151.3002392,71.60167464
0.0112,60.12777033,-31.4330622,3.187942584,367.7157895,-151.9870813,71.90956938
0.0113,60.35798086,-31.55858852,3.078995215,369.3263158,-152.6739234,72.21746411
0.0114,60.58819139,-31.68411483,2.970047847,370.9368421,-153.3607656,72.52535885
0.0115,60.81840191,-31.80964115,2.861100478,372.5473684,-154.0476077,72.83325359
0.0116,61.04861244,-31.93516746,2.75215311,374.1578947,-154.7344498,73.14114833
0.0117,61.27882297,-32.06069378,2.643205742,375.7684211,-155.4212919,73.44904306
0.0118,61.50903349,-32.1862201,2.534258373,377.3789474,-156.108134,73.7569378
0.0119,61.73924402,-32.31174641,2.425311005,378.9894737,-156.7949761,74.06483254
0.012,61.96945455,-32.43727273,2.316363636,380.6,-157.4818182,74.37272727
0.0121,62.19966507,-32.56279904,2.207416268,382.2105263,-158.1686603,74.68062201
0.0122,62.4298756,-32.68832536,2.0984689,383.8210526,-158.8555024,74.98851675
0.0123,62.66008612,-32.81385167,1.989521531,385.4315789,-159.5423445,75.29641148
0.0124,62.89029665,-32.93937799,1.880574163,387.0421053,-160.2291866,75.60430622
0.0125,63.12050718,-33.06490431,1.771626794,388.6526316,-160.9160287,75.91220096
0.0126,63.3507177,-33.19043062,1.662679426,390.2631579,-161.6028708,76.22009569
0.0127,63.58092823,-33.31595694,1.553732057,391.8736842,-162.2897129,76.52799043
0.0128,63.81113876,-33.44148325,1.444784689,393.4842105,-162.976555,76.83588517
0.0129,64.04134928,-33.56700957,1.335837321,395.0947368,-163.6633971,77.1437799
0.013,64.27155981,-33.69253589,1.226889952,396.7052632,-164.3502392,77.45167464
0.0131,64.50177033,-33.8180622,1.117942584,398.3157895,-165.0370813,77.75956938
0.0132,64.73198086,-33.94358852,1.008995215,399.9263158,-165.7239234,78.06746411
0.0133,64.96219139,-34.06911483,0.900047847,401.5368421,-166.4107656,78.37535885
0.0134,65.19240191,-34.19464115,0.791100478,403.1473684,-167.0976077,78.68325359
0.0135,65.42261244,-34.32016746,0.68215311,404.7578947,-167.7844498,78.99114833
0.0136,65.65282297,-34.44569378,0.573205742,406.3684211,-168.4712919,79.29904306
0.0137,65.88303349,-34.5712201,0.464258373,407.9789474,-169.158134,79.6069378
0.0138,66.11324402,-34.69674641,0.355311005,409.5894737,-169.8449761,79.91483254
0.0139,66.34345455,-34.82227273,0.246363636,411.2,-170.5318182,80.22272727
0.014,66.57366507,-34.94779904,0.137416268,412.8105263,-171.2186603,80.53062201
0.0141,66.8038756,-35.07332536,0.0284689,414.4210526,-171.9055024,80.83851675
0.0142,67.03408612,-35.19885167,-0.080478469,416.0315789,-172.5923445,81.14641148
0.0143,67.26429665,-35.32437799,-0.189425837,417.6421053,-173.2791866,81.45430622
0.0144,67.49450718,-35.44990431,-0.298373206,419.2526316,-173.9660287,81.76220096
0.0145,67.7247177,-35.57543062,-0.407320574,420.8631579,-174.6528708,82.07009569
0.0146,67.95492823,-35.70095694,-0.516267943,422.4736842,-175.3397129,82.37799043
0.0147,68.18513876,-35.82648325,-0.625215311,424.0842105,-176.026555,82.68588517
0.0148,68.41534928,-35.95200957,-0.734162679,425.6947368,-176.7133971,82.9937799
0.0149,68.64555981,-36.07753589,-0.843110048,427.3052632,-177.4002392,83.30167464
0.015,68.87577033,-36.2030622,-0.952057416,428.9157895,-178.0870813,83.60956938
0.0151,69.10598086,-36.32858852,-1.061004785,430.5263158,-178.7739234,83.91746411
0.0152,69.33619139,-36.45411483,-1.169952153,432.1368421,-179.4607656,84.22535885
0.0153,69.56640191,-36.57964115,-1.278899522,433.7473684,-180.1476077,84.53325359
0.0154,69.79661244,-36.70516746,-1.38784689,435.3578947,-180.8344498,84.84114833
0.0155,70.02682297,-36.83069378,-1.496794258,436.9684211,-181.5212919,85.14904306
0.0156,70.25703349,-36.9562201,-1.605741627,438.5789474,-182.208134,85.4569378
0.0157,70.48724402,-37.08174641,-1.714688995,440.1894737,-182.8949761,85.76483254
0.0158,70.71745455,-37.20727273,-1.823636364,441.8,-183.5818182,86.07272727
0.0159,70.94766507,-37.33279904,-1.932583732,443.4105263,-184.2686603,86.38062201
0.016,71.1778756,-37.45832536,-2.0415311,445.0210526,-184.9555024,86.68851675
0.0161,71.40808612,-37.58385167,-2.150478469,446.6315789,-185.6423445,86.99641148
0.0162,71.63829665,-37.70937799,-2.259425837,448.2421053,-186.3291866,87.30430622
0.0163,71.86850718,-37.83490431,-2.368373206,449.8526316,-187.0160287,87.61220096
0.0164,72.0987177,-37.96043062,-2.477320574,451.4631579,-187.7028708,87.92009569
0.0165,72.32892823,-38.08595694,-2.586267943,453.0736842,-188.3897129,88.22799043
0.0166,72.55913876,-38.21148325,-2.695215311,454.6842105,-189.076555,88.53588517
0.0167,72.78934928,-38.33700957,-2.804162679,456.2947368,-189.7633971,88.8437799
0.0168,73.01955981,-38.46253589,-2.913110048,457.9052632,-190.4502392,89.15167464
0.0169,73.24977033,-38.5880622,-3.022057416,459.5157895,-191.1370813,89.45956938
0.017,73.47998086,-38.71358852,-3.131004785,461.1263158,-191.8239234,89.76746411
0.0171,73.71019139,-38.83911483,-3.239952153,462.7368421,-192.5107656,90.07535885
0.0172,73.94040191,-38.96464115,-3.348899522,464.3473684,-193.1976077,90.38325359
0.0173,74.17061244,-39.09016746,-3.45784689,465.9578947,-193.8844498,90.69114833
0.0174,74.40082297,-39.21569378,-3.566794258,467.5684211,-194.5712919,90.99904306
0.0175,74.63103349,-39.3412201,-3.675741627,469.1789474,-195.258134,91.3069378
0.0176,74.86124402,-39.46674641,-3.784688995,470.7894737,-195.9449761,91.61483254
0.0177,75.09145455,-39.59227273,-3.893636364,472.4,-196.6318182,91.92272727
0.0178,75.32166507,-39.71779904,-4.002583732,474.0105263,-197.3186603,92.23062201
0.0179,75.5518756,-39.84332536,-4.1115311,475.6210526,-198.0055024,92.53851675
0.018,75.78208612,-39.96885167,-4.220478469,477.2315789,-198.6923445,92.84641148
0.0181,76.01229665,-40.09437799,-4.329425837,478.8421053,-199.3791866,93.15430622
0.0182,76.24250718,-40.21990431,-4.438373206,480.4526316,-200.0660287,93.46220096
0.0183,76.4727177,-40.34543062,-4.547320574,482.0631579,-200.7528708,93.77009569
0.0184,76.70292823,-40.47095694,-4.656267943,483.6736842,-201.4397129,94.07799043
0.0185,76.93313876,-40.59648325,-4.765215311,485.2842105,-202.126555,94.38588517
0.0186,77.16334928,-40.72200957,-4.874162679,486.8947368,-202.8133971,94.6937799
0.0187,77.39355981,-40.84753589,-4.983110048,488.5052632,-203.5002392,95.00167464
0.0188,77.62377033,-40.9730622,-5.092057416,490.1157895,-204.1870813,95.30956938
0.0189,77.85398086,-41.09858852,-5.201004785,491.7263158,-204.8739234,95.61746411
0.019,78.08419139,-41.22411483,-5.309952153,493.3368421,-205.5607656,95.92535885
0.0191,78.31440191,-41.34964115,-5.418899522,494.9473684,-206.2476077,96.23325359
0.0192,78.54461244,-41.47516746,-5.52784689,496.5578947,-206.9344498,96.54114833
0.0193,78.77482297,-41.60069378,-5.636794258,498.1684211,-207.6212919,96.84904306
0.0194,79.00503349,-41.7262201,-5.745741627,499.7789474,-208.308134,97.1569378
0.0195,79.23524402,-41.85174641,-5.854688995,501.3894737,-208.9949761,97.46483254
0.0196,79.46545455,-41.97727273,-5.963636364,503,-209.6818182,97.77272727
0.0197,79.69566507,-42.10279904,-6.072583732,504.6105263,-210.3686603,98.08062201
0.0198,79.9258756,-42.22832536,-6.1815311,506.2210526,-211.0555024,98.38851675
0.0199,80.15608612,-42.35385167,-6.290478469,507.8315789,-211.7423445,98.69641148
0.02,80.38629665,-42.47937799,-6.399425837,509.4421053,-212.4291866,99.00430622
0.0201,80.61650718,-42.60490431,-6.508373206,511.0526316,-213.1160287,99.31220096
0.0202,80.8467177,-42.73043062,-6.617320574,512.6631579,-213.8028708,99.62009569
0.0203,81.07692823,-42.85595694,-6.726267943,514.2736842,-214.4897129,99.92799043
0.0204,81.30713876,-42.98148325,-6.835215311,515.8842105,-215.176555,100.2358852
0.0205,81.53734928,-43.10700957,-6.944162679,517.4947368,-215.8633971,100.5437799
0.0206,81.76755981,-43.23253589,-7.053110048,519.1052632,-216.5502392,100.8516746
0.0207,81.99777033,-43.3580622,-7.162057416,520.7157895,-217.2370813,101.1595694
0.0208,82.22798086,-43.48358852,-7.271004785,522.3263158,-217.9239234,101.4674641
0.0209,82.45819139,-43.60911483,-7.379952153,523.9368421,-218.6107656,101.7753589
0.021,82.68840191,-43.73464115,-7.488899522,525.5473684,-219.2976077,102.0832536
0.0211,82.91861244,-43.86016746,-7.59784689,527.1578947,-219.9844498,102.3911483
0.0212,83.14882297,-43.98569378,-7.706794258,528.7684211,-220.6712919,102.6990431
0.0213,83.37903349,-44.1112201,-7.815741627,530.3789474,-221.358134,103.0069378
0.0214,83.60924402,-44.23674641,-7.924688995,531.9894737,-222.0449761,103.3148325
0.0215,83.83945455,-44.36227273,-8.033636364,533.6,-222.7318182,103.6227273
0.0216,84.06966507,-44.48779904,-8.142583732,535.2105263,-223.4186603,103.930622
0.0217,84.2998756,-44.61332536,-8.2515311,536.8210526,-224.1055024,104.2385167
0.0218,84.53008612,-44.73885167,-8.360478469,538.4315789,-224.7923445,104.5464115
0.0219,84.76029665,-44.86437799,-8.469425837,540.0421053,-225.4791866,104.8543062
0.022,84.99050718,-44.98990431,-8.578373206,541.6526316,-226.1660287,105.162201
0.0221,85.2207177,-45.11543062,-8.687320574,543.2631579,-226.8528708,105.4700957
0.0222,85.45092823,-45.24095694,-8.796267943,544.8736842,-227.5397129,105.7779904
0.0223,85.68113876,-45.36648325,-8.905215311,546.4842105,-228.226555,106.0858852
0.0224,85.91134928,-45.49200957,-9.014162679,548.0947368,-228.9133971,106.3937799
0.0225,86.14155981,-45.61753589,-9.123110048,549.7052632,-229.6002392,106.7016746
0.0226,86.37177033,-45.7430622,-9.232057416,551.3157895,-230.2870813,107.0095694
0.0227,86.60198086,-45.86858852,-9.341004785,552.9263158,-230.9739234,107.3174641
0.0228,86.83219139,-45.99411483,-9.449952153,554.5368421,-231.6607656,107.6253589
0.0229,87.06240191,-46.11964115,-9.558899522,556.1473684,-232.3476077,107.9332536
0.023,87.29261244,-46.24516746,-9.66784689,557.7578947,-233.0344498,108.2411483
0.0231,87.52282297,-46.37069378,-9.776794258,559.3684211,-233.7212919,108.5490431
0.0232,87.75303349,-46.4962201,-9.885741627,560.9789474,-234.408134,108.8569378
0.0233,87.98324402,-46.62174641,-9.994688995,562.5894737,-235.0949761,109.1648325
0.0234,88.21345455,-46.74727273,-10.10363636,564.2,-235.7818182,109.4727273
0.0235,88.44366507,-46.87279904,-10.21258373,565.8105263,-236.4686603,109.780622
0.0236,88.6738756,-46.99832536,-10.3215311,567.4210526,-237.1555024,110.0885167
0.0237,88.90408612,-47.12385167,-10.43047847,569.0315789,-237.8423445,110.3964115
0.0238,89.13429665,-47.24937799,-10.53942584,570.6421053,-238.5291866,110.7043062
0.0239,89.36450718,-47.37490431,-10.64837321,572.2526316,-239.2160287,111.012201
0.024,89.5947177,-47.50043062,-10.75732057,573.8631579,-239.9028708,111.3200957
0.0241,89.82492823,-47.62595694,-10.86626794,575.4736842,-240.5897129,111.6279904
0.0242,90.05513876,-47.75148325,-10.97521531,577.0842105,-241.276555,111.9358852
0.0243,90.28534928,-47.87700957,-11.08416268,578.6947368,-241.9633971,112.2437799
0.0244,90.51555981,-48.00253589,-11.19311005,580.3052632,-242.6502392,112.5516746
0.0245,90.74577033,-48.1280622,-11.30205742,581.9157895,-243.3370813,112.8595694
0.0246,90.97598086,-48.25358852,-11.41100478,583.5263158,-244.0239234,113.1674641
0.0247,91.20619139,-48.37911483,-11.51995215,585.1368421,-244.7107656,113.4753589
0.0248,91.43640191,-48.50464115,-11.62889952,586.7473684,-245.3976077,113.7832536
0.0249,91.66661244,-48.63016746,-11.73784689,588.3578947,-246.0844498,114.0911483
0.025,91.89682297,-48.75569378,-11.84679426,589.9684211,-246.7712919,114.3990431
0.0251,92.12703349,-48.8812201,-11.95574163,591.5789474,-247.458134,114.7069378
0.0252,92.35724402,-49.00674641,-12.064689,593.1894737,-248.1449761,115.0148325
0.0253,92.58745455,-49.13227273,-12.17363636,594.8,-248.8318182,115.3227273
0.0254,92.81766507,-49.25779904,-12.28258373,596.4105263,-249.5186603,115.630622
0.0255,93.0478756,-49.38332536,-12.3915311,598.0210526,-250.2055024,115.9385167
0.0256,93.27808612,-49.50885167,-12.50047847,599.6315789,-250.8923445,116.2464115
0.0257,93.50829665,-49.63437799,-12.60942584,601.2421053,-251.5791866,116.5543062
0.0258,93.73850718,-49.75990431,-12.71837321,602.8526316,-252.2660287,116.862201
0.0259,93.9687177,-49.88543062,-12.82732057,604.4631579,-252.9528708,117.1700957
0.026,94.19892823,-50.01095694,-12.93626794,606.0736842,-253.6397129,117.4779904
0.0261,94.42913876,-50.13648325,-13.04521531,607.6842105,-254.326555,117.7858852
0.0262,94.65934928,-50.26200957,-13.15416268,609.2947368,-255.0133971,118.0937799
0.0263,94.88955981,-50.38753589,-13.26311005,610.9052632,-255.7002392,118.4016746
0.0264,95.11977033,-50.5130622,-13.37205742,612.5157895,-256.3870813,118.7095694
0.0265,95.34998086,-50.63858852,-13.48100478,614.1263158,-257.0739234,119.0174641
0.0266,95.58019139,-50.76411483,-13.58995215,615.7368421,-257.7607656,119.3253589
0.0267,95.81040191,-50.88964115,-13.69889952,617.3473684,-258.4476077,119.6332536
0.0268,96.04061244,-51.01516746,-13.80784689,618.9578947,-259.1344498,119.9411483
0.0269,96.27082297,-51.14069378,-13.91679426,620.5684211,-259.8212919,120.2490431
0.027,96.50103349,-51.2662201,-14.02574163,622.1789474,-260.508134,120.5569378
0.0271,96.73124402,-51.39174641,-14.134689,623.7894737,-261.1949761,120.8648325
0.0272,96.96145455,-51.51727273,-14.24363636,625.4,-261.8818182,121.1727273
0.0273,97.19166507,-51.64279904,-14.35258373,627.0105263,-262.5686603,121.480622
0.0274,97.4218756,-51.76832536,-14.4615311,628.6210526,-263.2555024,121.7885167
0.0275,97.65208612,-51.89385167,-14.57047847,630.2315789,-263.9423445,122.0964115
0.0276,97.88229665,-52.01937799,-14.67942584,631.8421053,-264.6291866,122.4043062
0.0277,98.11250718,-52.14490431,-14.78837321,633.4526316,-265.3160287,122.712201
0.0278,98.3427177,-52.27043062,-14.89732057,635.0631579,-266.0028708,123.0200957
0.0279,98.57292823,-52.39595694,-15.00626794,636.6736842,-266.6897129,123.3279904
0.028,98.80313876,-52.52148325,-15.11521531,638.2842105,-267.376555,123.6358852
0.0281,99.03334928,-52.64700957,-15.22416268,639.8947368,-268.0633971,123.9437799
0.0282,99.26355981,-52.77253589,-15.33311005,641.5052632,-268.7502392,124.2516746
0.0283,99.49377033,-52.8980622,-15.44205742,643.1157895,-269.4370813,124.5595694
0.0284,99.72398086,-53.02358852,-15.55100478,644.7263158,-270.1239234,124.8674641
0.0285,99.95419139,-53.14911483,-15.65995215,646.3368421,-270.8107656,125.1753589
0.0286,100.1844019,-53.27464115,-15.76889952,647.9473684,-271.4976077,125.4832536
0.0287,100.4146124,-53.40016746,-15.87784689,649.5578947,-272.1844498,125.7911483
0.0288,100.644823,-53.52569378,-15.98679426,651.1684211,-272.8712919,126.0990431
0.0289,100.8750335,-53.6512201,-16.09574163,652.7789474,-273.558134,126.4069378
0.029,101.105244,-53.77674641,-16.204689,654.3894737,-274.2449761,126.7148325
0.0291,101.3354545,-53.90227273,-16.31363636,656,-274.9318182,127.0227273
0.0292,101.5656651,-54.02779904,-16.42258373,657.6105263,-275.6186603,127.330622
0.0293,101.7958756,-54.15332536,-16.5315311,659.2210526,-276.3055024,127.6385167
0.0294,102.0260861,-54.27885167,-16.64047847,660.8315789,-276.9923445,127.9464115
0.0295,102.2562967,-54.40437799,-16.74942584,662.4421053,-277.6791866,128.2543062
0.0296,102.4865072,-54.52990431,-16.85837321,664.0526316,-278.3660287,128.562201
0.0297,102.7167177,-54.65543062,-16.96732057,665.6631579,-279.0528708,128.8700957
0.0298,102.9469282,-54.78095694,-17.07626794,667.2736842,-279.7397129,129.1779904
0.0299,103.1771388,-54.90648325,-17.18521531,668.8842105,-280.426555,129.4858852
0.03,103.4073493,-55.03200957,-17.29416268,670.4947368,-281.1133971,129.7937799
0.0301,103.6375598,-55.15753589,-17.40311005,672.1052632,-281.8002392,130.1016746
0.0302,103.8677703,-55.2830622,-17.51205742,673.7157895,-282.4870813,130.4095694
0.0303,104.0979809,-55.40858852,-17.62100478,675.3263158,-283.1739234,130.7174641
0.0304,104.3281914,-55.53411483,-17.72995215,676.9368421,-283.8607656,131.0253589
0.0305,104.5584019,-55.65964115,-17.83889952,678.5473684,-284.5476077,131.3332536
0.0306,104.7886124,-55.78516746,-17.94784689,680.1578947,-285.2344498,131.6411483
0.0307,105.018823,-55.91069378,-18.05679426,681.7684211,-285.9212919,131.9490431
0.0308,105.2490335,-56.0362201,-18.16574163,683.3789474,-286.608134,132.2569378
0.0309,105.479244,-56.16174641,-18.274689,684.9894737,-287.2949761,132.5648325
0.031,105.7094545,-56.28727273,-18.38363636,686.6,-287.9818182,132.8727273
0.0311,105.9396651,-56.41279904,-18.49258373,688.2105263,-288.6686603,133.180622
0.0312,106.1698756,-56.53832536,-18.6015311,689.8210526,-289.3555024,133.4885167
0.0313,106.4000861,-56.66385167,-18.71047847,691.4315789,-290.0423445,133.7964115
0.0314,106.6302967,-56.78937799,-18.81942584,693.0421053,-290.7291866,134.1043062
0.0315,106.8605072,-56.91490431,-18.92837321,694.6526316,-291.4160287,134.412201
0.0316,107.0907177,-57.04043062,-19.03732057,696.2631579,-292.1028708,134.7200957
0.0317,107.3209282,-57.16595694,-19.14626794,697.8736842,-292.7897129,135.0279904
0.0318,107.5511388,-57.29148325,-19.25521531,699.4842105,-293.476555,135.3358852
0.0319,107.7813493,-57.41700957,-19.36416268,701.0947368,-294.1633971,135.6437799
0.032,108.0115598,-57.54253589,-19.47311005,702.7052632,-294.8502392,135.9516746
0.0321,108.2417703,-57.6680622,-19.58205742,704.3157895,-295.5370813,136.2595694
0.0322,108.4719809,-57.79358852,-19.69100478,705.9263158,-296.2239234,136.5674641
0.0323,108.7021914,-57.91911483,-19.79995215,707.5368421,-296.9107656,136.8753589
0.0324,108.9324019,-58.04464115,-19.90889952,709.1473684,-297.5976077,137.1832536
0.0325,109.1626124,-58.17016746,-20.01784689,710.7578947,-298.2844498,137.4911483
0.0326,109.392823,-58.29569378,-20.12679426,712.3684211,-298.9712919,137.7990431
0.0327,109.6230335,-58.4212201,-20.23574163,713.9789474,-299.658134,138.1069378
0.0328,109.853244,-58.54674641,-20.344689,715.5894737,-300.3449761,138.4148325
0.0329,110.0834545,-58.67227273,-20.45363636,717.2,-301.0318182,138.7227273
0.033,110.3136651,-58.79779904,-20.56258373,718.8105263,-301.7186603,139.030622
0.0331,110.5438756,-58.92332536,-20.6715311,720.4210526,-302.4055024,139.3385167
0.0332,110.7740861,-59.04885167,-20.78047847,722.0315789,-303.0923445,139.6464115
0.0333,111.0042967,-59.17437799,-20.88942584,723.6421053,-303.7791866,139.9543062
0.0334,111.2345072,-59.29990431,-20.99837321,725.2526316,-304.4660287,140.262201
0.0335,111.4647177,-59.42543062,-21.10732057,726.8631579,-305.1528708,140.5700957
0.0336,111.6949282,-59.55095694,-21.21626794,728.4736842,-305.8397129,140.8779904
0.0337,111.9251388,-59.67648325,-21.32521531,730.0842105,-306.526555,141.1858852
0.0338,112.1553493,-59.80200957,-21.43416268,731.6947368,-307.2133971,141.4937799
0.0339,112.3855598,-59.92753589,-21.54311005,733.3052632,-307.9002392,141.8016746
0.034,112.6157703,-60.0530622,-21.65205742,734.9157895,-308.5870813,142.1095694
0.0341,112.8459809,-60.17858852,-21.76100478,736.5263158,-309.2739234,142.4174641
0.0342,113.0761914,-60.30411483,-21.86995215,738.1368421,-309.9607656,142.7253589
0.0343,113.3064019,-60.42964115,-21.97889952,739.7473684,-310.6476077,143.0332536
0.0344,113.5366124,-60.55516746,-22.08784689,741.3578947,-311.3344498,143.3411483
0.0345,113.766823,-60.68069378,-22.19679426,742.9684211,-312.0212919,143.6490431
0.0346,113.9970335,-60.8062201,-22.30574163,744.5789474,-312.708134,143.9569378
0.0347,114.227244,-60.93174641,-22.414689,746.1894737,-313.3949761,144.2648325
0.0348,114.4574545,-61.05727273,-22.52363636,747.8,-314.0818182,144.5727273
0.0349,114.6876651,-61.18279904,-22.63258373,749.4105263,-314.7686603,144.880622
0.035,114.9178756,-61.30832536,-22.7415311,751.0210526,-315.4555024,145.1885167
0.0351,115.1480861,-61.43385167,-22.85047847,752.6315789,-316.1423445,145.4964115
0.0352,115.3782967,-61.55937799,-22.95942584,754.2421053,-316.8291866,145.8043062
0.0353,115.6085072,-61.68490431,-23.06837321,755.8526316,-317.5160287,146.112201
0.0354,115.8387177,-61.81043062,-23.17732057,757.4631579,-318.2028708,146.4200957
0.0355,116.0689282,-61.93595694,-23.28626794,759.0736842,-318.8897129,146.7279904
0.0356,116.2991388,-62.06148325,-23.39521531,760.6842105,-319.576555,147.0358852
0.0357,116.5293493,-62.18700957,-23.50416268,762.2947368,-320.2633971,147.3437799
0.0358,116.7595598,-62.31253589,-23.61311005,763.9052632,-320.9502392,147.6516746
0.0359,116.9897703,-62.4380622,-23.72205742,765.5157895,-321.6370813,147.9595694
0.036,117.2199809,-62.56358852,-23.83100478,767.1263158,-322.3239234,148.2674641
0.0361,117.4501914,-62.68911483,-23.93995215,768.7368421,-323.0107656,148.5753589
0.0362,117.6804019,-62.81464115,-24.04889952,770.3473684,-323.6976077,148.8832536
0.0363,117.9106124,-62.94016746,-24.15784689,771.9578947,-324.3844498,149.1911483
0.0364,118.140823,-63.06569378,-24.26679426,773.5684211,-325.0712919,149.4990431
0.0365,118.3710335,-63.1912201,-24.37574163,775.1789474,-325.758134,149.8069378
0.0366,118.601244,-63.31674641,-24.484689,776.7894737,-326.4449761,150.1148325
0.0367,118.8314545,-63.44227273,-24.59363636,778.4,-327.1318182,150.4227273
0.0368,119.0616651,-63.56779904,-24.70258373,780.0105263,-327.8186603,150.730622
0.0369,119.2918756,-63.69332536,-24.8115311,781.6210526,-328.5055024,151.0385167
0.037,119.5220861,-63.81885167,-24.92047847,783.2315789,-329.1923445,151.3464115
0.0371,119.7522967,-63.94437799,-25.02942584,784.8421053,-329.8791866,151.6543062
0.0372,119.9825072,-64.06990431,-25.13837321,786.4526316,-330.5660287,151.962201
0.0373,120.2127177,-64.19543062,-25.24732057,788.0631579,-331.2528708,152.2700957
0.0374,120.4429282,-64.32095694,-25.35626794,789.6736842,-331.9397129,152.5779904
0.0375,120.6731388,-64.44648325,-25.46521531,791.2842105,-332.626555,152.8858852
0.0376,120.9033493,-64.57200957,-25.57416268,792.8947368,-333.3133971,153.1937799
0.0377,121.1335598,-64.69753589,-25.68311005,794.5052632,-334.0002392,153.5016746
0.0378,121.3637703,-64.8230622,-25.79205742,796.1157895,-334.6870813,153.8095694
0.0379,121.5939809,-64.94858852,-25.90100478,797.7263158,-335.3739234,154.1174641
0.038,121.8241914,-65.07411483,-26.00995215,799.3368421,-336.0607656,154.4253589
0.0381,122.0544019,-65.19964115,-26.11889952,800.9473684,-336.7476077,154.7332536
0.0382,122.2846124,-65.32516746,-26.22784689,802.5578947,-337.4344498,155.0411483
0.0383,122.514823,-65.45069378,-26.33679426,804.1684211,-338.1212919,155.3490431
0.0384,122.7450335,-65.5762201,-26.44574163,805.7789474,-338.808134,155.6569378
0.0385,122.975244,-65.70174641,-26.554689,807.3894737,-339.4949761,155.9648325
0.0386,123.2054545,-65.82727273,-26.66363636,809,-340.1818182,156.2727273
0.0387,123.4356651,-65.95279904,-26.77258373,810.6105263,-340.8686603,156.580622
0.0388,123.6658756,-66.07832536,-26.8815311,812.2210526,-341.5555024,156.8885167
0.0389,123.8960861,-66.20385167,-26.99047847,813.8315789,-342.2423445,157.1964115
0.039,124.1262967,-66.32937799,-27.09942584,815.4421053,-342.9291866,157.5043062
0.0391,124.3565072,-66.45490431,-27.20837321,817.0526316,-343.6160287,157.812201
0.0392,124.5867177,-66.58043062,-27.31732057,818.6631579,-344.3028708,158.1200957
0.0393,124.8169282,-66.70595694,-27.42626794,820.2736842,-344.9897129,158.4279904
0.0394,125.0471388,-66.83148325,-27.53521531,821.8842105,-345.676555,158.7358852
0.0395,125.2773493,-66.95700957,-27.64416268,823.4947368,-346.3633971,159.0437799
0.0396,125.5075598,-67.08253589,-27.75311005,825.1052632,-347.0502392,159.3516746
0.0397,125.7377703,-67.2080622,-27.86205742,826.7157895,-347.7370813,159.6595694
0.0398,125.9679809,-67.33358852,-27.97100478,828.3263158,-348.4239234,159.9674641
0.0399,126.1981914,-67.45911483,-28.07995215,829.9368421,-349.1107656,160.2753589
0.04,126.4284019,-67.58464115,-28.18889952,831.5473684,-349.7976077,160.5832536
0.0401,126.6586124,-67.71016746,-28.29784689,833.1578947,-350.4844498,160.8911483
0.0402,126.888823,-67.83569378,-28.40679426,834.7684211,-351.1712919,161.1990431
0.0403,127.1190335,-67.9612201,-28.51574163,836.3789474,-351.858134,161.5069378
0.0404,127.349244,-68.08674641,-28.624689,837.9894737,-352.5449761,161.8148325
0.0405,127.5794545,-68.21227273,-28.73363636,839.6,-353.2318182,162.1227273
0.0406,127.8096651,-68.33779904,-28.84258373,841.2105263,-353.9186603,162.430622
0.0407,128.0398756,-68.46332536,-28.9515311,842.8210526,-354.6055024,162.7385167
0.0408,128.2700861,-68.58885167,-29.06047847,844.4315789,-355.2923445,163.0464115
0.0409,128.5002967,-68.71437799,-29.16942584,846.0421053,-355.9791866,163.3543062
0.041,128.7305072,-68.83990431,-29.27837321,847.6526316,-356.6660287,163.662201
0.0411,128.9607177,-68.96543062,-29.38732057,849.2631579,-357.3528708,163.9700957
0.0412,129.1909282,-69.09095694,-29.49626794,850.8736842,-358.0397129,164.2779904
0.0413,129.4211388,-69.21648325,-29.60521531,852.4842105,-358.726555,164.5858852
0.0414,129.6513493,-69.34200957,-29.71416268,854.0947368,-359.4133971,164.8937799
0.0415,129.8815598,-69.46753589,-29.82311005,855.7052632,-360.1002392,165.2016746
0.0416,130.1117703,-69.5930622,-29.93205742,857.3157895,-360.7870813,165.5095694
0.0417,130.3419809,-69.71858852,-30.04100478,858.9263158,-361.4739234,165.8174641
0.0418,130.5721914,-69.84411483,-30.14995215,860.5368421,-362.1607656,166.1253589
0.0419,130.8024019,-69.96964115,-30.25889952,862.1473684,-362.8476077,166.4332536
0.042,131.0326124,-70.09516746,-30.36784689,863.7578947,-363.5344498,166.7411483
0.0421,131.262823,-70.22069378,-30.47679426,865.3684211,-364.2212919,167.0490431
0.0422,131.4930335,-70.3462201,-30.58574163,866.9789474,-364.908134,167.3569378
0.0423,131.723244,-70.47174641,-30.694689,868.5894737,-365.5949761,167.6648325
0.0424,131.9534545,-70.59727273,-30.80363636,870.2,-366.2818182,167.9727273
0.0425,132.1836651,-70.72279904,-30.91258373,871.8105263,-366.9686603,168.280622
0.0426,132.4138756,-70.84832536,-31.0215311,873.4210526,-367.6555024,168.5885167
0.0427,132.6440861,-70.97385167,-31.13047847,875.0315789,-368.3423445,168.8964115
0.0428,132.8742967,-71.09937799,-31.23942584,876.6421053,-369.0291866,169.2043062
0.0429,133.1045072,-71.22490431,-31.34837321,878.2526316,-369.7160287,169.512201
0.043,133.3347177,-71.35043062,-31.45732057,879.8631579,-370.4028708,169.8200957
0.0431,133.5649282,-71.47595694,-31.56626794,881.4736842,-371.0897129,170.1279904
0.0432,133.7951388,-71.60148325,-31.67521531,883.0842105,-371.776555,170.4358852
0.0433,134.0253493,-71.72700957,-31.78416268,884.6947368,-372.4633971,170.7437799
0.0434,134.2555598,-71.85253589,-31.89311005,886.3052632,-373.1502392,171.0516746
0.0435,134.4857703,-71.9780622,-32.00205742,887.9157895,-373.8370813,171.3595694
0.0436,134.7159809,-72.10358852,-32.11100478,889.5263158,-374.5239234,171.6674641
0.0437,134.9461914,-72.22911483,-32.21995215,891.1368421,-375.2107656,171.9753589
0.0438,135.1764019,-72.35464115,-32.32889952,892.7473684,-375.8976077,172.2832536
0.0439,135.4066124,-72.48016746,-32.43784689,894.3578947,-376.5844498,172.5911483
0.044,135.636823,-72.60569378,-32.54679426,895.9684211,-377.2712919,172.8990431
0.0441,135.8670335,-72.7312201,-32.65574163,897.5789474,-377.958134,173.2069378
0.0442,136.097244,-72.85674641,-32.764689,899.1894737,-378.6449761,173.5148325
0.0443,136.3274545,-72.98227273,-32.87363636,900.8,-379.3318182,173.8227273
0.0444,136.5576651,-73.10779904,-32.98258373,902.4105263,-380.0186603,174.130622
0.0445,136.7878756,-73.23332536,-33.0915311,904.0210526,-380.7055024,174.4385167
0.0446,137.0180861,-73.35885167,-33.20047847,905.6315789,-381.3923445,174.7464115
0.0447,137.2482967,-73.48437799,-33.30942584,907.2421053,-382.0791866,175.0543062
0.0448,137.4785072,-73.60990431,-33.41837321,908.8526316,-382.7660287,175.362201
0.0449,137.7087177,-73.73543062,-33.52732057,910.4631579,-383.4528708,175.6700957
0.045,137.9389282,-73.86095694,-33.63626794,912.0736842,-384.1397129,175.9779904
0.0451,138.1691388,-73.98648325,-33.74521531,913.6842105,-384.826555,176.2858852
0.0452,138.3993493,-74.11200957,-33.85416268,915.2947368,-385.5133971,176.5937799
0.0453,138.6295598,-74.23753589,-33.96311005,916.9052632,-386.2002392,176.9016746
0.0454,138.8597703,-74.3630622,-34.07205742,918.5157895,-386.8870813,177.2095694
0.0455,139.0899809,-74.48858852,-34.18100478,920.1263158,-387.5739234,177.5174641
0.0456,139.3201914,-74.61411483,-34.28995215,921.7368421,-388.2607656,177.8253589
0.0457,139.5504019,-74.73964115,-34.39889952,923.3473684,-388.9476077,178.1332536
0.0458,139.7806124,-74.86516746,-34.50784689,924.9578947,-389.6344498,178.4411483
0.0459,140.010823,-74.99069378,-34.61679426,926.5684211,-390.3212919,178.7490431
0.046,140.2410335,-75.1162201,-34.72574163,928.1789474,-391.008134,179.0569378
0.0461,140.471244,-75.24174641,-34.834689,929.7894737,-391.6949761,179.3648325
0.0462,140.7014545,-75.36727273,-34.94363636,931.4,-392.3818182,179.6727273
0.0463,140.9316651,-75.49279904,-35.05258373,933.0105263,-393.0686603,179.980622
0.0464,141.1618756,-75.61832536,-35.1615311,934.6210526,-393.7555024,180.2885167
0.0465,141.3920861,-75.74385167,-35.27047847,936.2315789,-394.4423445,180.5964115
0.0466,141.6222967,-75.86937799,-35.37942584,937.8421053,-395.1291866,180.9043062
0.0467,141.8525072,-75.99490431,-35.48837321,939.4526316,-395.8160287,181.212201
0.0468,142.0827177,-76.12043062,-35.59732057,941.0631579,-396.5028708,181.5200957
0.0469,142.3129282,-76.24595694,-35.70626794,942.6736842,-397.1897129,181.8279904
0.047,142.5431388,-76.37148325,-35.81521531,944.2842105,-397.876555,182.1358852
0.0471,142.7733493,-76.49700957,-35.92416268,945.8947368,-398.5633971,182.4437799
0.0472,143.0035598,-76.62253589,-36.03311005,947.5052632,-399.2502392,182.7516746
0.0473,143.2337703,-76.7480622,-36.14205742,949.1157895,-399.9370813,183.0595694
0.0474,143.4639809,-76.87358852,-36.25100478,950.7263158,-400.6239234,183.3674641
0.0475,143.6941914,-76.99911483,-36.35995215,952.3368421,-401.3107656,183.6753589
0.0476,143.9244019,-77.12464115,-36.46889952,953.9473684,-401.9976077,183.9832536
0.0477,144.1546124,-77.25016746,-36.57784689,955.5578947,-402.6844498,184.2911483
0.0478,144.384823,-77.37569378,-36.68679426,957.1684211,-403.3712919,184.5990431
0.0479,144.6150335,-77.5012201,-36.79574163,958.7789474,-404.058134,184.9069378
0.048,144.845244,-77.62674641,-36.904689,960.3894737,-404.7449761,185.2148325
0.0481,145.0754545,-77.75227273,-37.01363636,962,-405.4318182,185.5227273
0.0482,145.3056651,-77.87779904,-37.12258373,963.6105263,-406.1186603,185.830622
0.0483,145.5358756,-78.00332536,-37.2315311,965.2210526,-406.8055024,186.1385167
0.0484,145.7660861,-78.12885167,-37.34047847,966.8315789,-407.4923445,186.4464115
0.0485,145.9962967,-78.25437799,-37.44942584,968.4421053,-408.1791866,186.7543062
0.0486,146.2265072,-78.37990431,-37.55837321,970.0526316,-408.8660287,187.062201
0.0487,146.4567177,-78.50543062,-37.66732057,971.6631579,-409.5528708,187.3700957
0.0488,146.6869282,-78.63095694,-37.77626794,973.2736842,-410.2397129,187.6779904
0.0489,146.9171388,-78.75648325,-37.88521531,974.8842105,-410.926555,187.9858852
0.049,147.1473493,-78.88200957,-37.99416268,976.4947368,-411.6133971,188.2937799
0.0491,147.3775598,-79.00753589,-38.10311005,978.1052632,-412.3002392,188.6016746
0.0492,147.6077703,-79.1330622,-38.21205742,979.7157895,-412.9870813,188.9095694
0.0493,147.8379809,-79.25858852,-38.32100478,981.3263158,-413.6739234,189.2174641
0.0494,148.0681914,-79.38411483,-38.42995215,982.9368421,-414.3607656,189.5253589
0.0495,148.2984019,-79.50964115,-38.53889952,984.5473684,-415.0476077,189.8332536
0.0496,148.5286124,-79.63516746,-38.64784689,986.1578947,-415.7344498,190.1411483
0.0497,148.758823,-79.76069378,-38.75679426,987.7684211,-416.4212919,190.4490431
0.0498,148.9890335,-79.8862201,-38.86574163,989.3789474,-417.108134,190.7569378
0.0499,149.219244,-80.01174641,-38.974689,990.9894737,-417.7949761,191.0648325
0.05,149.4494545,-80.13727273,-39.08363636,992.6,-418.4818182,191.3727273
0.0501,149.6796651,-80.26279904,-39.19258373,994.2105263,-419.1686603,191.680622
0.0502,149.9098756,-80.38832536,-39.3015311,995.8210526,-419.8555024,191.9885167
0.0503,150.1400861,-80.51385167,-39.41047847,997.4315789,-420.5423445,192.2964115
0.0504,150.3702967,-80.63937799,-39.51942584,999.0421053,-421.2291866,192.6043062
0.0505,150.6005072,-80.76490431,-39.62837321,1000.652632,-421.9160287,192.912201
0.0506,150.8307177,-80.89043062,-39.73732057,1002.263158,-422.6028708,193.2200957
0.0507,151.0609282,-81.01595694,-39.84626794,1003.873684,-423.2897129,193.5279904
0.0508,151.2911388,-81.14148325,-39.95521531,1005.484211,-423.976555,193.8358852
0.0509,151.5213493,-81.26700957,-40.06416268,1007.094737,-424.6633971,194.1437799
0.051,151.7515598,-81.39253589,-40.17311005,1008.705263,-425.3502392,194.4516746
0.0511,151.9817703,-81.5180622,-40.28205742,1010.315789,-426.0370813,194.7595694
0.0512,152.2119809,-81.64358852,-40.39100478,1011.926316,-426.7239234,195.0674641
0.0513,152.4421914,-81.76911483,-40.49995215,1013.536842,-427.4107656,195.3753589
0.0514,152.6724019,-81.89464115,-40.60889952,1015.147368,-428.0976077,195.6832536
0.0515,152.9026124,-82.02016746,-40.71784689,1016.757895,-428.7844498,195.9911483
0.0516,153.132823,-82.14569378,-40.82679426,1018.368421,-429.4712919,196.2990431
0.0517,153.3630335,-82.2712201,-40.93574163,1019.978947,-430.158134,196.6069378
0.0518,153.593244,-82.39674641,-41.044689,1021.589474,-430.8449761,196.9148325
0.0519,153.8234545,-82.52227273,-41.15363636,1023.2,-431.5318182,197.2227273
0.052,154.0536651,-82.64779904,-41.26258373,1024.810526,-432.2186603,197.530622
0.0521,154.2838756,-82.77332536,-41.3715311,1026.421053,-432.9055024,197.8385167
0.0522,154.5140861,-82.89885167,-41.48047847,1028.031579,-433.5923445,198.1464115
0.0523,154.7442967,-83.02437799,-41.58942584,1029.642105,-434.2791866,198.4543062
0.0524,154.9745072,-83.14990431,-41.69837321,1031.252632,-434.9660287,198.762201
0.0525,155.2047177,-83.27543062,-41.80732057,1032.863158,-435.6528708,199.0700957
0.0526,155.4349282,-83.40095694,-41.91626794,1034.473684,-436.3397129,199.3779904
0.0527,155.6651388,-83.52648325,-42.02521531,1036.084211,-437.026555,199.6858852
0.0528,155.8953493,-83.65200957,-42.13416268,1037.694737,-437.7133971,199.9937799
0.0529,156.1255598,-83.77753589,-42.24311005,1039.305263,-438.4002392,200.3016746
0.053,156.3557703,-83.9030622,-42.35205742,1040.915789,-439.0870813,200.6095694
0.0531,156.5859809,-84.02858852,-42.46100478,1042.526316,-439.7739234,200.9174641
0.0532,156.8161914,-84.15411483,-42.56995215,1044.136842,-440.4607656,201.2253589
0.0533,157.0464019,-84.27964115,-42.67889952,1045.747368,-441.1476077,201.5332536
0.0534,157.2766124,-84.40516746,-42.78784689,1047.357895,-441.8344498,201.8411483
0.0535,157.506823,-84.53069378,-42.89679426,1048.968421,-442.5212919,202.1490431
0.0536,157.7370335,-84.6562201,-43.00574163,1050.578947,-443.208134,202.4569378
0.0537,157.967244,-84.78174641,-43.114689,1052.189474,-443.8949761,202.7648325
0.0538,158.1974545,-84.90727273,-43.22363636,1053.8,-444.5818182,203.0727273
0.0539,158.4276651,-85.03279904,-43.33258373,1055.410526,-445.2686603,203.380622
0.054,158.6578756,-85.15832536,-43.4415311,1057.021053,-445.9555024,203.6885167
0.0541,158.8880861,-85.28385167,-43.55047847,1058.631579,-446.6423445,203.9964115
0.0542,159.1182967,-85.40937799,-43.65942584,1060.242105,-447.3291866,204.3043062
0.0543,159.3485072,-85.53490431,-43.76837321,1061.852632,-448.0160287,204.612201
0.0544,159.5787177,-85.66043062,-43.87732057,1063.463158,-448.7028708,204.9200957
0.0545,159.8089282,-85.78595694,-43.98626794,1065.073684,-449.3897129,205.2279904
0.0546,160.0391388,-85.91148325,-44.09521531,1066.684211,-450.076555,205.5358852
0.0547,160.2693493,-86.03700957,-44.20416268,1068.294737,-450.7633971,205.8437799
0.0548,160.4995598,-86.16253589,-44.31311005,1069.905263,-451.4502392,206.1516746
0.0549,160.7297703,-86.2880622,-44.42205742,1071.515789,-452.1370813,206.4595694
0.055,160.9599809,-86.41358852,-44.53100478,1073.126316,-452.8239234,206.7674641
0.0551,161.1901914,-86.53911483,-44.63995215,1074.736842,-453.5107656,207.0753589
0.0552,161.4204019,-86.66464115,-44.74889952,1076.347368,-454.1976077,207.3832536
0.0553,161.6506124,-86.79016746,-44.85784689,1077.957895,-454.8844498,207.6911483
0.0554,161.880823,-86.91569378,-44.96679426,1079.568421,-455.5712919,207.9990431
0.0555,162.1110335,-87.0412201,-45.07574163,1081.178947,-456.258134,208.3069378
0.0556,162.341244,-87.16674641,-45.184689,1082.789474,-456.9449761,208.6148325
0.0557,162.5714545,-87.29227273,-45.29363636,1084.4,-457.6318182,208.9227273
0.0558,162.8016651,-87.41779904,-45.40258373,1086.010526,-458.3186603,209.230622
0.0559,163.0318756,-87.54332536,-45.5115311,1087.621053,-459.0055024,209.5385167
0.056,163.2620861,-87.66885167,-45.62047847,1089.231579,-459.6923445,209.8464115
0.0561,163.4922967,-87.79437799,-45.72942584,1090.842105,-460.3791866,210.1543062
0.0562,163.7225072,-87.91990431,-45.83837321,1092.452632,-461.0660287,210.462201
0.0563,163.9527177,-88.04543062,-45.94732057,1094.063158,-461.7528708,210.7700957
0.0564,164.1829282,-88.17095694,-46.05626794,1095.673684,-462.4397129,211.0779904
0.0565,164.4131388,-88.29648325,-46.16521531,1097.284211,-463.126555,211.3858852
0.0566,164.6433493,-88.42200957,-46.27416268,1098.894737,-463.8133971,211.6937799
0.0567,164.8735598,-88.54753589,-46.38311005,1100.505263,-464.5002392,212.0016746
0.0568,165.1037703,-88.6730622,-46.49205742,1102.115789,-465.1870813,212.3095694
0.0569,165.3339809,-88.79858852,-46.60100478,1103.726316,-465.8739234,212.6174641
0.057,165.5641914,-88.92411483,-46.70995215,1105.336842,-466.5607656,212.9253589
0.0571,165.7944019,-89.04964115,-46.81889952,1106.947368,-467.2476077,213.2332536
0.0572,166.0246124,-89.17516746,-46.92784689,1108.557895,-467.9344498,213.5411483
0.0573,166.254823,-89.30069378,-47.03679426,1110.168421,-468.6212919,213.8490431
0.0574,166.4850335,-89.4262201,-47.14574163,1111.778947,-469.308134,214.1569378
0.0575,166.715244,-89.55174641,-47.254689,1113.389474,-469.9949761,214.4648325
0.0576,166.9454545,-89.67727273,-47.36363636,1115,-470.6818182,214.7727273
0.0577,167.1756651,-89.80279904,-47.47258373,1116.610526,-471.3686603,215.080622
0.0578,167.4058756,-89.92832536,-47.5815311,1118.221053,-472.0555024,215.3885167
0.0579,167.6360861,-90.05385167,-47.69047847,1119.831579,-472.7423445,215.6964115
0.058,167.8662967,-90.17937799,-47.79942584,1121.442105,-473.4291866,216.0043062
0.0581,168.0965072,-90.30490431,-47.90837321,1123.052632,-474.1160287,216.312201
0.0582,168.3267177,-90.43043062,-48.01732057,1124.663158,-474.8028708,216.6200957
0.0583,168.5569282,-90.55595694,-48.12626794,1126.273684,-475.4897129,216.9279904
0.0584,168.7871388,-90.68148325,-48.23521531,1127.884211,-476.176555,217.2358852
0.0585,169.0173493,-90.80700957,-48.34416268,1129.494737,-476.8633971,217.5437799
0.0586,169.2475598,-90.93253589,-48.45311005,1131.105263,-477.5502392,217.8516746
0.0587,169.4777703,-91.0580622,-48.56205742,1132.715789,-478.2370813,218.1595694
0.0588,169.7079809,-91.18358852,-48.67100478,1134.326316,-478.9239234,218.4674641
0.0589,169.9381914,-91.30911483,-48.77995215,1135.936842,-479.6107656,218.7753589
0.059,170.1684019,-91.43464115,-48.88889952,1137.547368,-480.2976077,219.0832536
0.0591,170.3986124,-91.56016746,-48.99784689,1139.157895,-480.9844498,219.3911483
0.0592,170.628823,-91.68569378,-49.10679426,1140.768421,-481.6712919,219.6990431
0.0593,170.8590335,-91.8112201,-49.21574163,1142.378947,-482.358134,220.0069378
0.0594,171.089244,-91.93674641,-49.324689,1143.989474,-483.0449761,220.3148325
0.0595,171.3194545,-92.06227273,-49.43363636,1145.6,-483.7318182,220.6227273
0.0596,171.5496651,-92.18779904,-49.54258373,1147.210526,-484.4186603,220.930622
0.0597,171.7798756,-92.31332536,-49.6515311,1148.821053,-485.1055024,221.2385167
0.0598,172.0100861,-92.43885167,-49.76047847,1150.431579,-485.7923445,221.5464115
0.0599,172.2402967,-92.56437799,-49.86942584,1152.042105,-486.4791866,221.8543062
0.06,172.4705072,-92.68990431,-49.97837321,1153.652632,-487.1660287,222.162201
0.0601,172.7007177,-92.81543062,-50.08732057,1155.263158,-487.8528708,222.4700957
0.0602,172.9309282,-92.94095694,-50.19626794,1156.873684,-488.5397129,222.7779904
0.0603,173.1611388,-93.06648325,-50.30521531,1158.484211,-489.226555,223.0858852
0.0604,173.3913493,-93.19200957,-50.41416268,1160.094737,-489.9133971,223.3937799
0.0605,173.6215598,-93.31753589,-50.52311005,1161.705263,-490.6002392,223.7016746
0.0606,173.8517703,-93.4430622,-50.63205742,1163.315789,-491.2870813,224.0095694
0.0607,174.0819809,-93.56858852,-50.74100478,1164.926316,-491.9739234,224.3174641
0.0608,174.3121914,-93.69411483,-50.84995215,1166.536842,-492.6607656,224.6253589
0.0609,174.5424019,-93.81964115,-50.95889952,1168.147368,-493.3476077,224.9332536
0.061,174.7726124,-93.94516746,-51.06784689,1169.757895,-494.0344498,225.2411483
0.0611,175.002823,-94.07069378,-51.17679426,1171.368421,-494.7212919,225.5490431
0.0612,175.2330335,-94.1962201,-51.28574163,1172.978947,-495.408134,225.8569378
0.0613,175.463244,-94.32174641,-51.394689,1174.589474,-496.0949761,226.1648325
0.0614,175.6934545,-94.44727273,-51.50363636,1176.2,-496.7818182,226.4727273
0.0615,175.9236651,-94.57279904,-51.61258373,1177.810526,-497.4686603,226.780622
0.0616,176.1538756,-94.69832536,-51.7215311,1179.421053,-498.1555024,227.0885167
0.0617,176.3840861,-94.82385167,-51.83047847,1181.031579,-498.8423445,227.3964115
0.0618,176.6142967,-94.94937799,-51.93942584,1182.642105,-499.5291866,227.7043062
0.0619,176.8445072,-95.07490431,-52.04837321,1184.252632,-500.2160287,228.012201
0.062,177.0747177,-95.20043062,-52.15732057,1185.863158,-500.9028708,228.3200957
0.0621,177.3049282,-95.32595694,-52.26626794,1187.473684,-501.5897129,228.6279904
